BBH,Bộ lắp ghép lego,10,300000.0,Đồ chơi lắp ghép,China,Huaway,Bách Việt,GKK HFI
003,dfhg,45,4764572.0,cxhbzfgn,DFNB,dzfn,dfhn,dfzhnb
003,dfhg,45,4764572.0,cxhbzfgn,DFNB,dzfn,dfhn,dfzhnb
003,dfhg,45,4764572.0,cxhbzfgn,DFNB,dzfn,dfhn,dfzhnb
003,dfhg,45,4764572.0,cxhbzfgn,DFNB,dzfn,dfhn,dfzhnb
003,dfhg,45,4764572.0,cxhbzfgn,DFNB,dzfn,dfhn,dfzhnb
003,dfhg,45,4764572.0,cxhbzfgn,DFNB,dzfn,dfhn,dfzhnb
003,dfhg,45,4764572.0,cxhbzfgn,DFNB,dzfn,dfhn,dfzhnb
003,dfhg,45,4764572.0,cxhbzfgn,DFNB,dzfn,dfhn,dfzhnb
003,dfhg,45,4764572.0,cxhbzfgn,DFNB,dzfn,dfhn,dfzhnb
003,dfhg,45,4764572.0,cxhbzfgn,DFNB,dzfn,dfhn,dfzhnb
003,dfhg,45,4764572.0,cxhbzfgn,DFNB,dzfn,dfhn,dfzhnb
